username,privateKey
user_0,7d09adb2cdf04f7637870d1a019cfdde9259d3b7a0e7631e8546401127baad5e
user_1,d571c989b19326855e0bd96b531c214aef9dd68e9fee7e2a3302140f055ac92d
user_2,4e73ff4436f296d3ea66c05e55859084b229c061a1c23ac4aa06acf2ca2c800d
user_3,09a52c7f7ed102ac7652fde9b5cd9cde62b89ae131542811115708e8e241dccb
user_4,edca0e6c78792b9c76056c5f1689a6cd180b7fb32c824f7f4c42f7be1bf099b1
user_5,af44ca09ab3752ce2d70d4ccf559498bb1f312afaed599fda59ea9d2359566f7
user_6,bced97f2fb9f7c4bd9baf64230e18303e897e7534ec4f03ed533a30fe70546de
user_7,a027603eee4daee175f71a6dac63e1c212f3e0155472a2df5209f78768f50f4a
user_8,7c9dbf096200eca325845afb9dab027acc690e07c94ab5487dc1e02ec0c948f1
user_9,0885c4e5331f5bc221aa602bc6cfc04568fec95c90bc07c99ea5bcfdd7ce7275
user_10,098d7c6775e8505135a827d5fdc694f5fb52767e45efc3f6dcee6a2ac01bcba7
user_11,83009ee054ce54e5842db0f0f2a387cf8feace6a9d6ceed344a7783186783ab7
user_12,a4dcc3adf904e469e402e923784f401950f22b46cc62bbf999a7da30de4d3b94
user_13,ddced99d75f5558a3e1958b7924c0a3fcbbff9e3733a9e846b1af983c4470424
user_14,d4a2c58bb89a3fcec21aef1fbbc2086d7c24e6974275b01fdc96ec9ef851c4cf
user_15,23817c1089836d0545466de97fa8e96b94224c3288ddc25c0c29d8104e41ae1c
user_16,1a3dea30a28c97ab4c4a595ed237d63c41e0fb9613dbb7ae89e6d960fe14a311
user_17,c2538282ab45e2b3397f3e623a59eafd89291adde2787f9154bb00de22672f95
user_18,d24e41967bb118b9fcf6f6e8e8ab5412e7c944ebe4848f8b682cc534fe625735
user_19,ccd2c6300bd59d208fcace6186ab9a5cc161a7a36491cc59e149ccf9bd8f2110
user_20,e4acc1bc7f7e0e6d2ce0bf96823bb1e41ffede6d2ea5d97e4dfc081237409a82
user_21,a931ae72817173c9041161d4e49098edc273b75c18bf0ae16db167e8127562cf
user_22,3a33dd73623e1db02cb5ae564ea1013d52077511e8eb018e7eee1e858641e5d6
user_23,b5e2414216aa585d71d87350c3e543d5db71f7e1fcda2837f90f1a6377346945
user_24,3c8d749c6f658ac146c9307bfb2bc23ebc1853fcdab13ad722a08bef574fda88
user_25,fefc8f7d5f463c3016453f0720c587bbc3ae2fdddfdac1ec1c224d2afc177b8d
user_26,dd14f3ba96ace5094cb88a8f180eede49f888e7f2c278119c7d7f6572f9715b7
user_27,740d92a00c13d8831553f316e5d30949e02cc485ecf352703ffa3ab44b4b584a
user_28,cc0dbe6ccf409af63aec824eb32823d4966b919fc42efe823bb93094a8575498
user_29,5d427511bd02c6d13582ee44f0f8d18c69dcbc4f6de094f5cf3b35888870125b
user_30,c4ee74a3fb03e9c0167d736e5af77cb41da67032c012feebd308ce23bbb4bf54
user_31,d92de1833545cfcac9026bf48dfba7903230357a8e4a7528e1d035304b752337
user_32,0515ef7ccccb7a83dc0bab752bafe49e45a6eb4c0e23e2a4e40434a43aa5a12a
user_33,ac86458e70da80e33ff0fb8885228d82b6785ce2411846de505c2d8574a400ea
user_34,ffdc6c44d9890bcc2460039f90efc988beb0870902a168fe9515198d5a722f6f
user_35,fe4d45d4153b41c3f08a402277078f62bbe3177cdf4f68a2aa09f9b6893ae88c
user_36,b21fbb82bb9e352f6ffd939286dce01774efe65f5f98f0ef85f668ded93c55ed
user_37,c051a1632992d6c9aac0c457cec527e3b44b990f72e4cd331582c9841b6403d6
user_38,335f3c7c5627394119cf445d4042a78f90cc424145b15fd95c97ef77425b2073
user_39,6f50fb45dc13a9de3f22a0b864e03e07184b9aae37acef0d32e40bfcd9fe82e6
user_40,b335417007fdaed5b35f05ca9065e8c992406cd99bf203e9154a0c095fb5360e
user_41,d7a3bc97b03cca93e705207324e611783342605efee8c89433919f5e3c93ed0c
user_42,997fd860140e7a3c77030961770942ed53e8138a6a81e05d8ba0a339e98f5e26
user_43,59548c90de37418cdd0720037f9070471e2de767bd1406354004c3762cdfcba4
user_44,164da1d4b4e8c5b0f2d0dc8151c01480dda1aa36fb6418a24eb1ab03e771c441
user_45,c2613ed2296f3ac36fa7406af02a1660732244b13f1c446daff52f6ec4514421
user_46,bd082a6150c3240ab8d7d2813a3a9379f224623166fc0beaac50c0c611db3876
user_47,e79dad958819c49f9653a902c57a0da706243ab7d2db7f68f1f41f262d6badd5
user_48,bd34fd10d7f87b30266c643bba31049a76f3e4ec1c7b96c13aa863405ea7b2a9
user_49,88f7f3ae76015246c8ae68b92f04c733119c9e040ee8fab996f2e5e16ee756f0
user_50,ad0ab983d963eb2d7103cd00e615c6fdf80b2fea91a81ef3990bba967560dd5b
user_51,0dc579ab09719c3a8aa3296a50c32be8f461a6c3ec35a85ae2b866b289b4fa57
user_52,4d77095515f011aaea527eaf90dd8bd94983da51cbe1ff1242cafadffab46270
user_53,00e8482f69ffde7e6aa80481f296172bed1958f96f2ba37d2bde774de6b35425
user_54,10e709b131cf36ea7588a04eb89fe757de97762fa47a7adb087337c7c5740fbe
user_55,113d5a13fee14fda302ee1d94cdb1b6e5d548b5b996e01362ca4cb66d8c73736
user_56,a36218aaccd540fb3658ef64af9e86928994d6735ced167cf19e926ba38d093e
user_57,faffcd17db6cd68c4ff06102c36d833723c3b10a66027b0801bf4c82812f7738
user_58,9e5f716cd9e3cc64b97a29a33d88cb358a786e38c215ba3a6b941bac5b3f5c2e
user_59,b6a4d11973235d13a8bce1d95d1dd7f0893587af07bf9ad9f054a702657b7323
user_60,41e5b4e0c6cfaf06e17b685390a428fe31e58b731a2fa87dfe369dfe3ec529fb
user_61,18b1fd98e634f2cdd4ea3f6df8beaea0ede6f90d520876a18e1099a388112d45
user_62,c7307a6d6cec34384750c1070e71fad0439572a0983e14910e542708578a6ecf
user_63,6166b91e1a7edd8919e60de4e953d1cfebf1fb5e822d7ae688622ee1bbf3229f
user_64,235a13408c848e46155676b6fb9aa7272ef00fca0acd1702141c2d056e9efffd
user_65,2078d3543db4777d5505e52e406a39915758514bc5580c9debc128e61e8994c2
user_66,d80a86c7d9bb873c2a3f417926230855d559007a1cf930eec8467ca1470f39f6
user_67,e3d47ac80431228b0c77bcdf57ab7c0b55fc1a818a3dfa0a6e97769bbf7e4d66
user_68,93eba565ae28127e00bcacded7cec6057467cebafa7595db06a10869e23d5622
user_69,30f5d63ba535cdfc178213b302e2213ebee4a7ddc45385da3bd8ef1f850c7d78
user_70,be0a0b4728d281b9c12cc76bea74694352ba993e07b922762eb0658e0bd85d2f
user_71,5eb29af70abfa79ba3c18f8ce3bce7604e876bfb0c95bd590dab5b54cbb6341d
user_72,211c17be8e859a87491a7c956a7d6dee8312ea4febe193962cf52e5e4f968371
user_73,2390d3ec4616e516d706bedb56ce0328d742988e8d2857f9ccbcfe3cb554aa8e
user_74,4e8fac7da284e0d9143e44e6e6aa56b0aaa321a4deb34ba449c572fb11d07738
user_75,8f8cca5e9b01b17f6710a411fd66bd120f78d4cb954b48c506e71708940e7559
user_76,ecab100761ce61dd1b95a748050db82050578adfbf16221d8a84518e1ec55ed2
user_77,de73c262aabcda1bb9eec3f584a2870adcb15673e8d3eb73574df0d3b15727b6
user_78,bf6fe37937fb9d0b7b2133371d2760b653e3ae9b29fe3789cca66928e6bde2e2
user_79,153747d48c11d55950b87733eaf248bfea2874da14f3f21b016874eedcc272a6
user_80,ce6c5512a7b8f1c8de847eaf62839aa621d77e0768fb9e632432c0e0796d74ea
user_81,f803cd90052a93b8bc690da81f90ed7c3f991e335a17ef8c587f6bbfa3333ffb
user_82,bc4ba678b2ca10e399ec2a5ad5d5d36d502e3daa07d6b7abf364e0c23c74ef2b
user_83,f8ba08eb697f122cb5c045e9e12ba43ca0f9880192e502048f28c8f4de34e0ad
user_84,49ce7d7daa5e1631bd87d3f2307e8aca1d058feaf1348cde0d1f81ed235e74df
user_85,3423cd036c137852b78a49efbf7bd635cf05babe5b3380850cdbcb0d15712735
user_86,82a49cbaa59947780828be029440f4c57016b3b8dd667c509e1051a2e9e36da6
user_87,3f8ee6f1ac32181c74a11d9f960ccdbec074f456eeed3495beaed332bd077497
user_88,fe0453d5772b3d9730a118d7da3c017f31e56482b5b93a99487fead83922c3dc
user_89,0330af9053b99244428d7ff0b24ab0993124cb158680056190c386f9d64b66e8
user_90,ff8cf1151fabb0c5e3af4a5cc4e0674df1228a0d911d577e22284ac09346cfaa
user_91,b12b661e793cdac26d9b59b1884f7bd63d318663c7720cc1aad3a6e0582b6134
user_92,cddc42aee38feaa48b769843f479c3eafd2bf8dfcf958076738efc50cde292a0
user_93,d8d69aac61881bd13e3435088ce93f04ca95c3867a8187b62be0ed35ef3740c0
user_94,8ebd3688aa88485be4eb08d81b4f70259b8c0af970d3dbc5acde07f8d085382b
user_95,4a0be7b9df879ce82db66dae6ccf2bbcfa641ddd8d9922bbd36c1d5980d8d443
user_96,b3684fd90b3675b0428bbd26c57b9b4e631c418186d0426a96506ffcc2284b5e
user_97,e4c2881e1a811fb4ab5f51cc1cefe749f03d64bf6d44842e8af4b9e4ae77fc80
user_98,2b7e1e58901ff3efe1d3ff53d689a13a454582391f4d975e69f25df497afd4d1
user_99,ccc190e6b12324a63ff4e71844fd566c253bb66ac07b59e17ef0a51d7ec62528
user_100,f75379ff6062860cb163a9003ee53a653b520e37212893e01f4346776be64237
user_101,8665a7b6ca48659fef5e5f21e5dc6531bfa3b4150954cf8dc81893efc34bd1ff
user_102,382e399ef927e8f48fb3b7b3a36f90b0bda4974be4ad60c6ca0fee81c9e0f192
user_103,3d94c01e18a6a3b9384d7502fc752a1cf630d7c3350964a31cf938be0217b17d
user_104,221a65c96efd490c94eedd82796f68568a32ffc72728957d322e6f3ea65dbe16
user_105,2e89fa6fab3696c29b9bd983443a7934f594e9998786b0a451a3443e906a0c18
user_106,16850004c480b02fb384f97a6e54f17b4acf018380bb50143ef269b7b9cbfced
user_107,9b313acb9ff4fe76891ca341c42c5e73747e628180b9420a594c281df66edc29
user_108,b532dc8b295ee374328d5d171c0dbf43bbfdbd3a31de7c536b4bc73d20b9986e
user_109,aaf07550eb628e3feb5ca27c2d8fa3252749de416f8fda02b622811f4cdf11af
user_110,23090d0380c661f0e13e74518bfdaabe18cf8632fe141f2d873b5b8c6cc99f83
user_111,9fe03557f24d845b123f7d400998068684599c1fdd228de7bf10690cf5240689
user_112,67eda59f828f7b2f6701b567fb6e9dd50a74e827bb5bdef4e5a080f422dd4464
user_113,77b274bcdb7eef522ba8a53028d49ba94c0d51b8d4f653b88bbcfac1a0e9db26
user_114,4225452768b46acae2e1cdb0932ca6fa062b8a414104a987a32c2c49cf345ab0
user_115,9364461f53e383440508aea9e056a7a8416c6534c3a008e5a68109162a81f466
user_116,a4b32d1af872cb63e297c835f8b446eeb7720dbe9c440a679e32751b0dbe949e
user_117,48bf4470d8c0cfd60900eda37a98a9143e12ecee8e299d1c56ae7b63a7980764
user_118,0153a72a23bb55fde8c76fd4d34f692650af108a1593651bcefe10abd031fb4d
user_119,31f6777c1eb43e580bd0924e5e3615bc8c5c519b56cc83024445aede473b0767
user_120,07236ed9a734f10c21068f66f98a95271ceaa3cfd5e49d4e204c1474715a57cb
user_121,a0e24bb2c4a3de122dc4bd7d0cac900603b1ddf29059d4ae44f02fbd4562e7c3
user_122,31f6150bac5f11fa5aa1dc4e630b9d5917c7ab087fbd4c63908b9e9dee94da6c
user_123,72d911b42052131ce882da2fbd42eddf8508718643e46fd2ebc1f17d63b44dee
user_124,19cb9b3a577b698255e6469158bfd97a4070956e553428adde9ad565bcf81d2f
user_125,51b0adb3027e4442fccfc9358e8f8e8824b35211e04c3a62b0bb52fdeaff1347
user_126,7aba7777c8d4bb2cee20d994d914390bffca49d8a7533b0a1aa28541b3326fd0
user_127,0f0b4d934a198d60e18f677ad5eab855ae7f3a5354c61f3eed47c6f37c399a2d
user_128,9cb7b2f3a515be23f465c1859eaa04cb465a1d2a0143012e7d615bcb78135cfb
user_129,18d4a723041188bb41679813bc22f07443f70cc34ecf6bbea9e11305040ab8d6
user_130,8171f0c11f961f252b137b13bc94e0d10d4e8739288f89a41e8b77ece77a70bb
user_131,cd9fa94c1f476cdbbd84e95bba4c133534d6d8c81bbb3409cea4be26976fd30d
user_132,b4eda8b38a4b06206fb259d1e74f0c2646631e91fe201edd4f210509aba2310c
user_133,34ae4ae5eee099dcd1cd7bb95ca684c8989bbf75fa01405b14146644afe3e1d4
user_134,a9de7078ece39ffc7b8d01966c790eb4cc56e99c2966b2c64dae4526f48e0e11
user_135,3723641b552ab6ac6aac7ee2a00a71d2563fc232fddcb8cda15c329203a37e43
user_136,1ae5516517cad77f8bb269dc06cacad5bd101b6a88f15ef80c2ecfeb67e9db34
user_137,4e7216d63e89c37105eb9e63233b4267dc2ebe49a49b9bd12f05773d59b12735
user_138,217a5055d2a7208c804f6c71808fc39b7f3b3ed6b92c1d4c6023853c3c4797a5
user_139,d0dc1cfae0e9a283ffa808f027d0c77a807230710b1d3c36bf745ce291d5496a
user_140,9e695fef77567924700d29c50399094bd451d886b682c4e8fc7f4d833c887e00
user_141,2c95f75902cd844e379902735b00f98b4b4ced26587353adbfd32019d89bfc92
user_142,dfa926406db5cd660bf3bc21888fe055ea9d87118e9f2082e6275376013d245a
user_143,1a1bb5091cc1589ec998437997f8e9c0a7a9a79e6805dd1b49edb07f60e4e676
user_144,deb59a3d1bca1b577b5d3cf98e5834dcd09d8fa0af958225d0d07d6fe3fbed78
user_145,4178378c6408a692c6ea17e10a8c0d5bf51717e6d8bdf837ab7a3eb93fa89795
user_146,ff84d43f239dfd748637f6b1d834345cf730a85e4589e9f28765a797dd148ca9
user_147,ae8f6db86422f5f63caa4247a744c84ca3631c161df45612f5994716942da8b4
user_148,6631febf17ae0b497960a66376644cd2cead1c3b919a9f490753ed8854139cf9
user_149,f3ea2f04cd6b36ab2b3a76824122bff4d9016cf817d62bb88d4b424c478a80d5
user_150,e8fc3152000819fb160a0654fe933fe8c8a5b23eb31846974a26f920edff11b0
user_151,0b6b9a2a18a7d885dd6d50f115c796becdb8265d2267cba09cbe6432cc3f52db
user_152,e5e9037ed875f4db6aa0c1c024fa727740bb32fb73c7a6018f7039dbfca9859e
user_153,ca7a66c30be3368cc7eefd9a5a0d78a7bbb6dd06dedc576fdd5756b5a2dc41d5
user_154,a39fb134efd83f14804ca00fd3b047835ed257ce6b91913bdb4410cba4cc784f
user_155,954ef0ba5657d1035505be83302a7179a7e8b81ae152dc99b15dae5248c2eb7f
user_156,456b388952381656c25550419a5eefb444424e1a3142589a55134fe97e6aa98c
user_157,26432445ab0309418ca7a2399ed9dfd5f4686bba7aa837f202b0d13e427c9bb9
user_158,b5faa5ce2ed692a176c93cdf16ca329f763483fc22133c8f717e920d2a9bc57c
user_159,e79650294fb61fb97a8520220551db5db11c13201f96b55da63397142439dba8
user_160,f426be60476eb807c154cf67b530951440530feeb39d8a7e0ab241c2aeac3675
user_161,4f3c1a27c2e5a271459e47cfc3c0148a0b8c2b27568507fb115e308fdf31c768
user_162,061c6ea5357e3f283ce6667469189fb4e559c504267d26164764d5b160054bf8
user_163,03569adfcbf4773844ba429414a5922ab70bca5d0f0f93eb24836ff5681f0b80
user_164,5a6e41b392c922e78eee95f612628390da5f309b2b1eba83f4f276bf9668dfc4
user_165,51bd16ea281e3d7cf2e76776783c7b178db56cb972cfa6fe6bba7dae3850ac6d
user_166,91536d3161648c455a0123f9bd31fba3d16a3aa76aa19d956e1aa8fe236c6ab3
user_167,85571353e79ecfd0e037d0f72de213ed2679be9f67d9875989a4ae88e253c40c
user_168,d92b6427b11435338427213da3ec02d4534f0d36290cb590ff417d86c81d3604
user_169,54ea451231de2fbb0cd803ce52253231bf0842d05f5f94abb5ab405213834fe5
user_170,7ca68abdc146c347c95f65f07ddfd61368f2cf46286ba4054daff6f2f575fb0b
user_171,ae9e44e589bc234d7b2f58e5cf5dc5619b069c8c75cac6188296cca73d3d40e2
user_172,7faaf01c46a66fe4d225e9a11dba23d4fa2a9d75a7fe32db7362037df5727558
user_173,721c2b5beaa01d1a58814caddee49f18d5187fbb182902c562f5ec8ca49966f0
user_174,c99eecd551f885a510d433a80b32312c201c405f4c833a1052ebed3dc24e2923
user_175,13ec2b4c523dde2a61f7f11a3eed14662997c6382ec222a14152ce9889d94407
user_176,f3649afdcb137e555b4823b6f61ea0671bf37c5bbc37fee86e509da007c4d606
user_177,11a3a3bb03653183bf1e2bb8e3b71262a437061d892add6f3d992c33ed30f584
user_178,b45267d303d83bbffcef575272282321d43c9bbd35f34ffe85600b1239f48758
user_179,d11e5197006d5e28f2928ab62b7de9d45cc898be6e1a5d257ccf76e1e836b4b7
user_180,58d4000c00365180909cefa37d968573d5fd9cfe1700a1f33f93534d55a8b5ab
user_181,1cf76706d768005de52743faf04af7d283cfe47e0cc94ee7de54381237d0c485
user_182,55bf7a674cab87b3bfd29777dfd72711c03cfa7ed1cb6666d86e9f68d13d9c64
user_183,a9d6d797561286e058b0cb96099aba74575524f6eea4319263b796a44d057c50
user_184,4e9adc3ae7868403ab00bb86a760ed76df2128a568ac9c667cae1225a43489db
user_185,75b697cd42430a6267ab209d4e8554af9bc356b450bc8ea3a6374592f82a1498
user_186,7cec69fe64cc8e46e3d311c6e74ef4745e4a577544d2b29ed60f683e7a54a39b
user_187,c064b55f1c8ac5468e21965b6687e67fa32458bbe89860adc07c6e1f4d954665
user_188,67ac6cc854cc4be687e907f9292d448e50efd36b6e3cae47b12fa862ea1177ff
user_189,b403f85dbeb85f886336cd58ef3d935543e4ab59fbe2b3d68ffd761a71c60f0c
user_190,beb42e7e91f188b8fbfd93486d7c71986a3490f9f781d88e6c128e0efa7b95d6
user_191,6e02c50245f3c18934578bade1e678d335afd14735413e96adad63724326644e
user_192,3fb33195aa8951f4c4b634110f952e6c8b291ffae0e380747e63b1b33e6859a5
user_193,7cf64db414ec5282ab24e8ac04dd9184c2b4a4f6b3332dfa3e168881f559f411
user_194,f3d5bd1fab10d3c091734917b3ed0b06ea13f05054ab43470b9bea75e3d84c6e
user_195,939d64a9d9f9eca1394bd2d305e3aed07a101f8bd2ffd360f7a09f82d3207d80
user_196,58edc1cdaaee5a78226f21223241d2b706bb30fdf870c6adb7d74661890498f9
user_197,330d179bcc802db7aad36702d97bc3c3513de541555f6c078eb2f589ba4fc303
user_198,52b70fd106b5fa3a9676a3084135d46d9ac3852ec8ad16c232858473a31aa09a
user_199,1b3036071a94a8554029b40e5051e56bc82bed6d51542fb8db1634f08f1334ec
user_200,a010e4daa96f3656e726593dcaf4c5827609b84d37ac900b28671695c45abc15
user_201,51dbd29aa1278f5feb6b25edb9598a0188be9e375bafb079eee232850262da92
user_202,086bbdfe560cf2639277280e5a2ebfa57446aab3fb27afc34d746f0b3b93d6bf
user_203,6fc5025d17712aae93ca35e4b979c583f180ebeca3d986d4eac13d0fb232a890
user_204,832f40c191f08c463c58024cd6f56a4d6ce36ab3a8019787f7084ab5c4ba9238
user_205,d064b5dc9fb628b155f8377a04d39c297b1ef61d586aaff7d6c73e8c3af279d5
user_206,5804972aef637e6f1f519d4dae33734d1de392ce505232153343d282489f6b6a
user_207,3b49d6b08c9f21b00ec67ee462b8e108e1e47a4ac91bc99e9efe071737ea5eb8
user_208,199fadde8fdbc62b7435b68a3a69094e193e1b7505e5e5aee79202eb16d11530
user_209,c3f2e9e42ab9d93032189d342c1a906cddca6f6a38bc3957334d367b991c5774
user_210,7c90bf307f52299383c4fe58949ada494a77d6b517c1360808943ab61e0e16c0
user_211,d91d49de85a2487a3ac0d720160ea05ff37eb84225751a7435e0265677e2a56e
user_212,2ab6d9ee2df83b0672ee3f29300e5c30ddd097fd4205488073a535ef935f12be
user_213,8d97622e13aefdadc9b8a4f013e6cac6142e55ae5d66eebd9159ea17eea178b3
user_214,2ce6945b2047f4c33ab98e8584a9b26d3eb91791a49c311b9e04d09bdd76cb9f
user_215,9059bbf911e003cc9ed4d4380a4187efd149ecc8b360113dcb9a4ecff8c90f78
user_216,47dc5b1fb35dad6a7306c5462e6ba4e61f242093370e8a1262215a8898f1de6c
user_217,c685c4eed0691273c8be2fc2ab14c43de8453a7d9473e27793d5800ebdbda556
user_218,9f339c99e59b6b1c2e08f4bca91300b9e79f8f59517d089698bfcfdd0926c341
user_219,b9f6d475cccc296404167d18326603c7ba95839118d471a6489ffd121de0c511
user_220,784173133cf0a0a01bfb93189ed0f6b0a2ddc2c8be2229279d036cd3a5757d7b
user_221,e31751ff7879f77207e94ad0f31d82ad6248f9eea06b25d125c281c1b4487fff
user_222,b760338baffab6a0e94b36cb85022868d22a718b3a0b71ddb27a98d274defc69
user_223,e96a45f3c1f7d49ad7aa011b61e894c3c465a791097f6a7bcf21b19eee17f683
user_224,b6da55f7859bc20d177969ed5720433201680d6d66b89e63940b7e047214ed32
user_225,49314bf8fefc9f4957ad7a94dafd266177c6c31efc5779c79c0ec16e3278859a
user_226,2b089be739b300ed8532fcd5c25e954d2137257179230d7b522bf010da8bad26
user_227,fe1a7412d2f18f7cb1bbaf3088f5dce98d55ce2e02ca46919b23e03467c81530
user_228,8164301e3641b49f5acb0dc788af3a580ded6bcfa2f54b7c2f933fee385dfaeb
user_229,b671dd92c10cac826749f2862033fad5e0317a18580180da9939a422c26fb37b
user_230,581070a7eb3b85b39a482547be093664ded0e20517d2a0c2dec0678d004ac497
user_231,52795c7618b9d14869f8efd062b946f587cceb73da34e85862c4048d27755de4
user_232,89c267beb4aad574a68f47190ade80d0d1780792c92ae1a9bc54cf6d6ce86cd2
user_233,26ec079dc13a4429a6bfdec8717417636b0e0b0fc4381c5347b254d1140fe46b
user_234,43f9aaff3f1087ef66c2d50b6b256d7cad6650ec8329e458c98fb3a4d09c94c8
user_235,7e8c434b0af6e60a8647c67cc5bed6c4184c21e8cc6f50e41042a4d1fb591098
user_236,747437485ed843d8e0329a2e4194f1de7255a2644ba15a4ca9b94616ad4fb0d4
user_237,5b418cea203fef712b441fcc6e1c2cce25675525813f386a8122f966f02ade05
user_238,8bccf6c78d53ecd6a1a6a8e5dde137c3f7243769cf646ed07e4e51cdc11f3924
user_239,cffdbf73083a55c796bd3dc0a9ba21260781ee37482ba2f59d844fb38ac99631
user_240,2cd492e497e8432d2d6e7e678f7c07b3d7c92836898060b8b4903aaa67735149
user_241,dfbf43282cc92492e2b3ca774c6c9793da7b0fd2a6e960e4304c4fda5ea58939
user_242,f9c09fae267d9d136bed381a05907aafd2eda4289d912c66ca4a9bd00833fbfc
user_243,d54e88e6b7ec132f6ad421aab9e6b46de9efefc080d655843e0098f67c0c778c
user_244,5b580f870f560eb4e844e5805b486e7bf6f8cf7fa972e56567b9018fe91f67ee
user_245,574337a4af0575eb45d0d6c3f318dbe7edcda991f881206b91e53dc5a7bb9fb5
user_246,7d99fe94542b177ae3f41ed865b504e10cbdb6c27e079f9bed7f1ac96fc9859f
user_247,ff68ffadf6828e3eb503998db0e69895c1785575485925b52e237ac2da76e91f
user_248,09387600c97121be4de5f4fb2e958392cbd30c3d46869f42e818e13cee33267b
user_249,a9a9410f829e9075ffc05018717b7f1f48d1b06193cd9d47e09c80257d42cf88
user_250,1c6446caf901024a2afc414a3e5bbb44431c90fd96e200ebbfd29b5978485c6e
user_251,f99f50e1e4da5c35dd7370a90f266d2ffa44c844f3b5544d9fc9c9e54191f392
user_252,06f38678d1650112eeb1877167d6bdf82760e8ec6d13c611e6daf8341be6a0b9
user_253,b473601a5e7a020ad7cda853855e7c150ef4a5cc27f49f9c7ca24bfb36000158
user_254,341974a3e7b179ee6cc6d1afd97eb78692a431b8f521fc5db073a3e697db05ef
user_255,e64972499f6016d1c4d58e2cad0c5fb85afb79736a3591f7b288e5e3958846e5
user_256,a4d20469e52630f80ca4fa6721279d01e30303f1a5f96b4c2216a008153293e3
user_257,65dcaf972c9539361b91b60e297ce505e0e8f281138b0768907b290d92f2e2d9
user_258,fcdc64b37f52cf3918b0ca13663b855ebbe71f26632b0bdeca28f9d2558e1ce5
user_259,884c847f417682269a5eba6fd4fa04993a177601afbe0ce7ecc679f384c92ff9
user_260,2b91e29715ac28fa7903585af37a1d0cb83864385217a45fdf72cdce02f9fe0e
user_261,4151889521cffffc50c282f4b016efda9d8b59c05774d4102f6d5df327458608
user_262,fd776c29f64f0c761bfce1b63ac03697b0652413a718379a15a2b60f486302dc
user_263,de04ac9f86a821712acd30e0ed935955505ba21b70cd96ee489f179f7eacbaff
user_264,8bedda54f42477d589db4749cf126093d95c6b63b9fe73f2c6340ffac33dfa0d
user_265,56ac4ba1ca902c814417358b9ba7859399630f838376335be852ac91a51e223b
user_266,9a3d7466d2cb947bf44c4c725e67e3d5802223094e8018b40c770e99f95ab789
user_267,beca2efaece65231a00753c16ea2efef8a73e9a319992d2ca6e7166c472830a9
user_268,59bb6d38babfe1c590ad587fe8938abcc76aa21bb5ff767f648bd44163bada74
user_269,a68591a8d2a36facbcbadf4e8ed8402b36b0ae80755dfe167d7865f4c0588588
user_270,313a72780e544be4e1f436977a3ec179f45631c9fd45b93cc40a9083b0aa6a3f
user_271,0eaf53f1a430f43f848632ed3796473ab9b0a3fbba5d26b9e7ff3d24477f35e9
user_272,d25dcb7acc80fcef460ab80e5556cb4a4ffb3b5b97d864bb80a5c52b59611033
user_273,1fb3e85b0f0a5a0f1025752e0a5256b2f413407b188056157e9da71e6cf39057
user_274,ce7171d51897f3c4150a2861bcca3e36f485d46ade65aa4af4c0513ab89565e7
user_275,29f5ab7422430f25e12296c6f04340c0c5fc14acd3c2a621a6669d70e8568928
user_276,33c81aa5f0fa7450d0d8c8d8fde622ddd58d2184608f1574a71881b96815b34e
user_277,4cbd645c78684bb924a350458fe72a1f6ed2edd5d9851ed7d0c6d73a25a6e295
user_278,a7e96d732be9add51b699969c05ad8f7265b69a102e294f7a314b365e3429b40
user_279,3899de4189a0912987e3c52f4d6d34a9a2cb8a185894f9c6b5b5aacd02374ed8
user_280,895450d4fb5e1fab27062b020462522dfc7bfd6e54b639caade2ab2baa05c794
user_281,54ccbed236de0e05b69f25a0b58f3b4cd3e2210c4416a4c3a162ea1a760a8768
user_282,5dcf9bf85029025f37cec39a41d3388e7deb1bdf82996a34a24f7391404ae907
user_283,0116143e0faa97b099d4b23b5caaf005636c46d291d81b34dfa11bea2fb80431
user_284,a14f97f4bc4f99911a2fd6e4c1eea345f864e6f55ba3825e1f5439474695ded6
user_285,3184a43bb7bcd66ceb07d09f47be336082ab764c61fc95eae95a2af8b1ceaaaa
user_286,68232d1c43eba6bec19430fbc80a30c0bc5f6e1474962e48415be7510d18f6f0
user_287,6d484af32dc11306076f32359e4bb7468a1b47537127f05fa62b5849cd55ea5f
user_288,edf4b2f0d3bc25062a25a178193840127cb966f9086d2d15546b1cbf531fed9f
user_289,638853e9e136ba7cf29a8d1b56f5e6b119de4fd278a17598a228577cce2da2a4
user_290,d89cb237ff5f1bd73e326005a6ead6cb5e4c08e8210bd843b52c7fd9ed000126
user_291,4fae7481b8fa660b7b142a33f6dcf8b2b2779ce6e505f0271f8e64bba54107a1
user_292,32f191cb4a6cb3830bb16544251ec58bbc64030824de33b1a3729342556388c6
user_293,604689044f2b1afd01c0d921450c568e1ae055e71811d2a11562119a4c28caaa
user_294,83045f81587e21b5fde19033cf23380005cc968779dbfa2d255988c8967570fd
user_295,4d5cf1f0edb4590ac058f7d42acc34f19f944d0a0350e18762477f1bb900caba
user_296,ed1e3875a0bfb6a9ccc0fcfb6545e66261c1e48e15159834d1e2e1c69a6007dc
user_297,e6b855e527ae6728dfe9a3cacfee4c0f3efa8efc30668cefc0f60f12e764eb3f
user_298,4becb90f4e5aedebc8605541e1b4c828ae0e2a5119007025abc4399fc8f1a2ce
user_299,4ba91424bc3d8754321697751e954ee99c1efb582d78a6c559265d59bd6fc82a
user_300,02e4b7e87decc9bc8d0daa454dd0a09a1ee634b5365bf55a2bdc623b481a725e
user_301,3d91dc01341704afe7a1c0aacd08d553da265238323ed524a47b788e80b4d650
user_302,d36eddef5abe6868748d91c6a7f2a6ec1ff29533df421af8b2d7da0b71a83757
user_303,aac23ad13f649c740f94bafe56f4fdee141a170d01c55e16b144f9b85075418f
user_304,05ec4547d7ce359cfe94aa431552a97393dd046aaf5efddaa3f07024430dda21
user_305,d6aad422662a7f7305c531e6dae387952db4da73b73aad88fd5a823ff4da3d0a
user_306,5ffbfa53107b1f4bde71957afd72c01417797146964226e7c40b4985a54bbc6f
user_307,7e429fbcabae558947f215610d359a5a1c2d051cdba3bd8e9eb81895b0f7fdb2
user_308,5af2167d44a87168d606cbf4107eb01cf37cf0e6a453e303e48d31381d349bf0
user_309,871724f234f64953f9580f5cb1bc5275283ae03440d18892f938a4548a8ca12a
user_310,a9042f8bb5628465b326e6adf9b766cf76db78afab6c2eef22e95ea133beaaf1
user_311,a076cf297babff64566ea6f4689d8104ff298274a85b73fb34f51b81cf4aef88
user_312,2fd85a40a765604f97bc5f997a3999d60be2289db3815523167db6d0063b9d47
user_313,6240881042defe2027656a94f82f7e13f4743639f25f86e8ba3541713025a814
user_314,7c748894ba1c5b414ade09e8bb06f484a87c70dd480c66f4733ab956d6c51b0d
user_315,8625adadc47e0c598ab6f6f28841f6d3b39204165848a3a722576a8941edbe02
user_316,212d38ec461a955e0f6568c7eb7aada22d260721eb6a6faa766507ccddf8f1a2
user_317,3b1ed1c45f568b07fd9c3eab37d72c6cc2a8b2357651ed79f8c7f18580b676ba
user_318,0ecd97696e48f4f5ea4839739516438d232146d5a65d652be14561ca98bedbd6
user_319,c172b42530b921d66d1299e2fbc92ffd7d63a08eadfe238105fd1fc5c4995416
user_320,b96558794d2df95442920fdf4e9210294ce974ba46925caef4534302ace38b63
user_321,6fd43b7f27510332f17b06a75d8243908c09ed4dede4150f7d70529b3bfa11ea
user_322,4f648a8e1fc15a3427e7ef5e1403c976270a9d0a657e67e266cf0342b0ef005c
user_323,d25106c554bef294b5e9b4794e4523283de9685a52f5b9ead9d29969d538dcc0
user_324,7de8fef89db424ab0c0f4a59792b41d69cabb577075d629fe0823f3bc6861ad1
user_325,29813322159fc0e16390a38daa9f40dddde0e3f124505ac862517478ab209467
user_326,656c384a5f311429068d6569c171d188aaff1285facae1aaed953a26641c9e54
user_327,84577dcfcf585dc2a6df291360a19add04d5285698619f5b2f45b92aea6446f4
user_328,08dec9bccb039ecec1eaf33b56c7204d97a89a7c337e47fecd7be7aff524efdd
user_329,0ec1ce16a5d68c70a77dfa7f048574f163ad0d4a4a38cab634a6e09a781c0353
user_330,55d37011e9b97f22095109ab85adf0dda58ea46f503d2045ef54ab5cfd4090f9
user_331,280161c6a6573e9160f7b2ef3780cf41a7a78e05f1996820f62202925139827d
user_332,240733c00f17d6f7c646cd7be52343299029ca7efb1c82b4f662377cec8f172d
user_333,c16bc190439ea3dc991c9a88124c0c06d9c24750b40e1fe7cb97002744c1d4b5
user_334,d5ae1cf0944877b159fc3812f0559bffc42c7890876e8607cb90472bf9622612
user_335,d6b57d870a71c0fcc1be34553f7442664dd9175f164ff815fb0cf87ee720bf45
user_336,da625ae5833ca143ebbd88cb5b29c4b878e915a6bbf05d7df5c2e28b1ece6633
user_337,c2676eb07bbf7e7c32d63f8d2e1b3704a4c2f5c4bebb6b2f6f906fc0d90be423
user_338,a93ce3655944fe00b73b4f31424fa27558a192c03aecdfc82c64d6007ae4c4cf
user_339,dbaf6389a4e6b652c80e6622eacfb8b00563c95c954478beb8e0b8a149cf7898
user_340,838264cc0b001a1d3ab470b20d12abb69ea6c975d50870a485455cadde1d9e2e
user_341,8f7768b5621b03da6c9ed648e8191844137b2aaa9d0566966e7667ab4c47518f
user_342,1c2eda36fe7bdc5890161154d4dcf19d96a5f9b42d811da68a1d3894c9cf786e
user_343,908d13e98d757cd6a8e5b77105bf478b4edf3f29bf92ebceea26024b4feca0c5
user_344,6cf1e2ae7cc9dfeed3fefc99c9bbb0ac68f2d0a5a62c400adc87987779a19cd6
user_345,3b5cf3c44cc51343f1aeeca202c887cbcd98451eae4d4199368520116609c757
user_346,9bd2f1cd398752e1373eb5770f5c668dc7a0d5adbc2ca70338a10598a8c610e1
user_347,d1f8c2309bd7ecc7339b6acf08ba329b417b1bc0ab8e78b7c4474ace2660b546
user_348,807d1bd9bfa9f64eac587d4bc2e59f7354a233fd30c7890c13d7bd3f6f378eee
user_349,91482506ab62f417990f2ee0039c5da4e50252eb49c0666aaa9b2ba67971e4da
user_350,c1815c85994b97bd00d80fce9c9acd9fe673c0851349264e3e1479e4fc77926c
user_351,5eccf6346b8eb86ca8543ab6c585a3c58e3dad74de2a47c0e457513c5df35b16
user_352,e35fb5bebeee02cec52118c0f92a11d9cbb5310b5ec82ff6dc943b251e779fca
user_353,54305da69e22cf785072935264c50f054f80c697a70aec845f1596af718786d5
user_354,17ca2a67128cb530dd33d831fafec64193016b1597f6c9a8d6c66df77ebc4d88
user_355,67c63eea7edefe6bc7949d43a19f1e837e8c57a458d32a4007fef2f115311165
user_356,0dcca2006774e9faec81b65acd03b239f3e986c6971be27cd0971f16d7645cf7
user_357,cea23eda5e7d84a4d16ac87ebd48560047fff985af5b63b604ca07f7dbbc1786
user_358,0f18591b95414c06212584c25576c33fd933a10628c38f4eb39ebe7151250363
user_359,1f497e58d976cc57014feb58566ffa7f0b0febfc5b4b7f620b54df509c67981e
user_360,cdab8bb30427144d11dc719fe36baf1501504cea9ab18732d24416ae85a07583
user_361,935e6c113c224103fa11ad8264de12f504db6f5172ab5ae9f76b3776f3fc775f
user_362,66526a4e3637227a7f50bcaf0fabc9a338d322fc54f4bb43b8ad98475b0e1053
user_363,ee0b4760c6ce7254261fce9b6f794a3285ae2cfa576873cbe8e587b82c68521a
user_364,dc2edb89b66c5d467f0560a41b761f735e2d4669073f5097af72366c573d1e67
user_365,760cfc1470645a0fc241ddaa2b8eb784ea7df52615d53e0e3deb7997b18aa276
user_366,bee91196bd7348e632eb16ec8ec6bd6e16cffe13a4ea90c0b39bfe12444e174e
user_367,66b63cc393a969c912daf32e32521be6943daae79a8ab0aed8387b2e828e7c4b
user_368,a0a63a457af745aa3d18700501d3cdb9fb7909fac376722dfbae4ea191e36539
user_369,115ec0fb70ebedcc3af02e570eacaf3f38c87fbb99f9afb574bf8fb28bc5897d
user_370,3f3252aa59c26e19e4b1fcfa189ab2e7b6204399c96e27d6fe7dce8927328f94
user_371,141d63905353392af711610601e1a0e42745c36275d5fd9a1ff0c0401c5ac6a9
user_372,595994fd5645da632561b0267463d26fddb309aec73e58235cebdb034f8f0ead
user_373,5f64f4e460b0a19e4b87a4d8f9454fadabcc06d926702e11c58f533b96bd98f2
user_374,3a5dfbca4bc5e93952e3d78fc87cc3e75b82766062e893231fd0333056c6b0a9
user_375,1fa55bcfb11112c3ab4fd6729a95ed616d11f2a8bd227f14725d0547bfc87ec1
user_376,b0dfb14dcc1b08bb38b3142b956fc8f8601b95248ceacafa9aa9003b895e82bf
user_377,29ce9a97efcca87ac23ecd90a3694bd2a36164eea9dbd4b456e0a79a88989110
user_378,66207dca505be785dc81713864fd105157bcb42d4de93e9b6fb803c872d59aa0
user_379,9c2b13e8fb910f1e3bc7c2a44168ebbe1824f7ce7ed8259ea210429507b329ef
user_380,2097692f28a8587becdece6c3cb0d260152634a5d6b0465a9f8dd00b50147765
user_381,ef0341d1fe1ce2d603262750ea9fbfbc7901513d4c475ec144f546be0391d8f0
user_382,97bc1f5206239a7bac9f9f8449c4b2cc7529a90c8706c0b06bb2ad0b06d9fcd9
user_383,cf7f476cf75e704deb3a39e27da49607e31b737831abaff616dc73c6c7bd7b1d
user_384,5b40dfeccd865edd6252defe70a8b618d7bdaffeddd102e7954e4c47c147607d
user_385,35fee50ef6c96025f0757df65351687647c3c62e320f05dac76d211b3a383879
user_386,6fe29b7ff9ac5f7024c9e127cf9c81e8fd3c331bd74a1aa5dc7aee3eb0d32145
user_387,2c5dd6f288b0e39cdfe49e9b48a623f40942407077e26969a329ad1815f35296
user_388,757e0b3fff52807aa2397f66b20e87b77b6c444ec6b732f00845a3070094b786
user_389,e07c2d6b4373ce3f50cc9ebf1cc8207534c40c244f734f8c5c2445819cc6d94f
user_390,4845b23875230703f17b627cc391539c51ab3b06458c0fd19ccff4844f826372
user_391,6de93de5adc23b27ed0304fc3813f5cfa4c5dd2225543b3ee8a9a6bc7103a85a
user_392,0b3b12f3944f4350569e1e01e7b9db7b49a5b4e61b6d6e867e3dbbd2ff8033cf
user_393,511849d7201766be22fc2bfd4907ca16e38d4951253945f7584c361677859d2a
user_394,767ddad109263ac192fb0ded0162100fd4368a3a5cc8abdb575a7cf537b76108
user_395,a6fae69e0a57b3fc48fd902b4c05b66073b4671d2235f21d0eac017f14bee901
user_396,46680178848afb4161b1297c756025b063cc377573de35032e7b91f2603c7c2b
user_397,d90a0eaab8a679cf4891e256efb5b9ced52fbec13dd6a6805775728831f5a9f1
user_398,6390613290d17fe0921bb3627d44527c3288ba60463312906b26a0298337dc41
user_399,0d130d10b12ea773a253d768e1408d2bc807617830352389c83a9f02d93a3099
user_400,32aeab53733706cc807ee5dedd31c19c9be8a62b664e4aa1afa60e308e674a16
user_401,8ab3d17f35e7ad98c6b9018991975bd351df8cc8487b08b807c3fe843133cad0
user_402,4ba81ebc89737f8de7403c5ae30d901e9db2a4d3429dc44673177f2f048e010e
user_403,34020992c71f865ab3ea9b9ef6d9d57c9ac639f1f3e5f56153d605f2cdbe8bf9
user_404,c9c4d16e66e91ba86888cf32dc065270b9338f569fbb746dc70b30b5a1e2d8b6
user_405,50075f309db2f0a3fd0d3da7b0e02040f0d7681891219b9f4653a62e1f331966
user_406,adff676cccc466c79e21f2d27d0fd4ae112f0154b97263d2a74dd762bf13afff
user_407,87a95ce6b97be81fecf201e319de594d1e63e51450fd8c687651c0567c1ad606
user_408,3f0133c339dbe02cf4ab747a3462491ba226e956985b4a662fcdd3b21c9a72d0
user_409,56db581b389acc1771da8dc76c38b27ca22d411b01bdca43960e554f517c0e97
user_410,cb5828728345ddb112fa5de4062d087c1787b2ad06a82e00393aab92758acc92
user_411,d36fb24fa614595dfc35be72da5bfcee469c472c5968fa35fe6e1c4f5923aefb
user_412,1142955edde0d8a0737768f523b0093335ec8a5d31a42c7be386a6ff8306524e
user_413,003162d90e786879b56b715c59dbc2571a8d838593fe79cc0eb68ed7e0f3e4a3
user_414,5ebcde03047e9d3f6dbf00df7037270ecb3be2fcdeeca9a5bd1818fd3b2b0820
user_415,7f63ffc0861377a2a0eb1100f3ef08525cec4e59689ccd586c6a623db11b0ef8
user_416,81d70400426db308dae8dcb569755447297d57ca85aaf46834de2da87b38beb6
user_417,c905a3faca5d775836328a44e468fde0fcf2d601f3410090280e3275c4cf8bea
user_418,541696effc04e96bafa5557bed479078c9cffa48460481956b54492c5f6b39a2
user_419,d68e2b94c594fb0ad5150f1c07b1cedd2be0e3d6963bbd4abd0707bcf6d81ef1
user_420,25dabd0d877a314d37cc06f5678d8314f7bb41119421de413c738cbab6ded0f3
user_421,d48d00557efc4ef860fa36a5791a37f6d015563c0d4549612a11aa8ef970db8d
user_422,321dbbee8ae318dcfff345780e43e9b268d080b6d5f2241c0cf6cadf6e663d17
user_423,8e8018cfa0502e281f378955d44bbac68848019939058a6de18b47594a034a4f
user_424,35ea7e881cfbdb3c008dbeaa705e507881d0126db82f42093a7cda849308a0ee
user_425,9d7672c4a8b24e98847257a69e17fb7584823ce73ec8e2bdef3c49671c3461e3
user_426,826716d8cb7d6e5258b13ce20cb35332d702df5f392bbd5e06b7c721797c6fca
user_427,4695f4c9d342c9962c4ec260aac0a70887d5ebd8cf8fdea03608e1621da7e0c4
user_428,6575b622c22cf8d0e52db21730130ab80fb4665338062f8311e958f25e97ae09
user_429,a7302b275ef1412a1114ddfab45ab5ad3541ce8542875f0cd753fec619af8a45
user_430,a49571c0e6f1f7dfa1af7e96c4d6a653b9ddd6275caeed1ddd05f7582bce4573
user_431,6a00c4c4d7289052b0917b327b7e9ff1bd6fbb705f07bb95160b9a587bbeecb7
user_432,fba201c882bf6eac5cd6dce14f46ec02a67d8b1110f54d594bcb4c3eb0a90bb1
user_433,7049673fa05e1210cd15f0f24103badfd963ea070672511b3421dab493d9db78
user_434,bbdfd77918732b01cbe9f8fcc011e252c94057a77ac3d2b0524e39e0551f5eed
user_435,e5309d8b45a857053491caa04c7e0bf51e930b0717e4db75a2c790df0e4586aa
user_436,119702715d5e66f253e8949a5af1da8d881117e59249212c4b170a5fe595422d
user_437,c1517b10c8e80c210e06f329fde6ea92b694b40d2e9bd84420a5b480811b91b3
user_438,494506a4b05fd57c7b93f844d5c23e6b1eff751356da0d4cc0d1595c24d9c6a7
user_439,879b72be571ac906a70d07c2389dec440283cce38bec3855931cd7313dd17c21
user_440,ad2a8dba455c6148cb5be7f5c0a740a9f9261c3d7f1f7608347e8bbf3c018285
user_441,52d21e1d89ad861e780594707db15fe37d378db126f46d96cf079db4c52c34b0
user_442,4596c409564c3cdee2975460e7afc203e14b6e82103a02be6cdd27df100b12fd
user_443,640d8337b0febbd1df566b31d387ef077c381b62ccfbb85d56061e7a3d58dc2d
user_444,cd634cbbd68d88440ede9fdff5c43b4c36360b87bd6e719fd8638b1cf440a0f2
user_445,5ced8f61a0c3743ae77cfff5fcb58ddb5d5c127dca07b21e669fcae171a3a34c
user_446,12b1730bd821e4eaeb389d047bfc533623ced942627476b99b491a0c324cf390
user_447,30f2ec00b7c7a5246a264fbc62c50ce1e2ca1f0fe1c8cbd568ff78f491a35d83
user_448,3d7c54e9db4eaea7b0ab359909a45d0e53a68d32299b4237231878327c9865a3
user_449,9829b37c29e4204c032a4b5edd89a79d80120a9a571cafdc39b7d84e1decc7d7
user_450,95bd394828334ed7966cd70dae03ee0e0c3b94656f8e9ca6e2b468698243484c
user_451,7b322f8a19a2daef98a4e52b4eaa96039777457aec46dd21366273bb106e71ed
user_452,cce6ed1d93a8e16405eee20d0d4ec34a5537631ecea9173871957055e35a45d8
user_453,bb00d6be2b1f3ca6f4e04b33a84546e170a85e73207a7ed3612d9c4824ccd5a2
user_454,65570a1d0237c92ccade28d03ef4d7ade61b5e99138f6621ac8a5daefe3dfb8a
user_455,189955a94de6ef4fc51c09c7fc5758368b399f5d9794411b6607a0ce57d9ee9c
user_456,9b476031a7b44a064297c1a0fba3f1537101ab2f8afe507f7645d62eee951059
user_457,edba4549420f08e097b47f793c092da16dd67f48fdaafd4f10bf0f299feb3519
user_458,9f1b896698314bf1e46c674fc53dc217045f1d087ec104d9ed841425aa700f6c
user_459,6a1f331f210ac79990aee42a71babbd367ea30f57ccb094858ec4435e97c30ce
user_460,18afafdba982a8eee474b71102581af01d8eeaa7bb5ad3dd6b583de015831e94
user_461,40acfa834410a67e78c8d5cde33a43e68e9e52e3dc04ede49d377550984136bb
user_462,479fa8efdcdb8610efc7a321db6d0a8d42357efb31cd1b6b4736992ca28a445e
user_463,e025df7c1396bf381c9a0be80e4dfd85d17483a2bf5e8db16141e26635847349
user_464,c16a4a9ef9fa855186723683e928efbb84764a6e1b1bebb5a09d125b56c09daa
user_465,9bccc7ffec7c9de453e7052175b45d8d7deefe5ae078cd7973a33664cc9bad04
user_466,fbb49e5855b08e02c46bc11babf085d7cb718381937d89c7e727df3614c4045d
user_467,415bafc01f8dc4bf6ef53dcee52e11de18851943a3bfb3d205c35b7b79a63a87
user_468,c925c64898834bb48153d9d99b67f6d2ebc197e36b1b78d4a3472f9f46c9257b
user_469,35992f61a8a904d282f044cd04267ace1c82fa3a00a5e7f74f90b7f0d4f69e47
user_470,e4954fb54b641070771322af73f50967e9b28d9e58e76b9db88e29e492574983
user_471,f352024d2d6ee829e982d178e22d1a915be031f1a6bd24b55818b50157aa91e9
user_472,1b413b94de6fb56094ddeef645ba4a5c0f63a2e3a32044994c4e615f6519a2af
user_473,e1f193778613eb0e215ec83760c290c0662fd3afb6bf05cfddfeaecafcef506a
user_474,b649c41032e20882fc39dedf51eb7b79dd0b902557d81bc7b23fce91fb13489d
user_475,ace46c8a7e35ea6a4bc470882d0e2e745856903688d6b5ace7d95199cdd51141
user_476,62c9a2d1e587019a83f65cf27f57f00e41115fb7ac13e8eb73d2cbaf0ad203c2
user_477,a6e255be0344c41a2fabebce49e344bb2d43e3b07e9a8e8061d86346e274bc42
user_478,936add47812ab4bb629a320f14e2770912147c02cf0196b8f3f509e15514109a
user_479,f44deed7bd00ab57725adf0c1aba2e0f3e9b0c963c0f8ce34a8a0ed5a2bef0cc
user_480,47f5cad49f1a4636aae59b240483dab6f4ea17fd1d519b1c2099c3433295bbad
user_481,e6798672d66b9f6adbc2817957206f80e28c0f580f23611fbe50a8b2e368fd0d
user_482,5ae8e81fc18c5fb20627f87b03bdac111f6163b28b5c698de2a6155502e7ee24
user_483,0a7f260577985d427752a49d98d7a8c6f2122db607aed3b166257b9d2181a86a
user_484,96621a42c4b1467cbb694ecad3d63458c5042e7ce1dc205877dbe8ee30f005ff
user_485,90dc1d28e3863b141d039ded58792a017c2c8fcdd835bfac0b88bc04ee56417f
user_486,546af4c189be5e65d16e475a3490cf0cc5c4831e649d5a47a099292faf5fc6f2
user_487,f047301b14ab797866aa8d7966d9802cfe904cf80806f45890a6c1c9a4bdedee
user_488,c2fb262d58626ea155e1d33c790a099f6ec47fb28ec779e1677a1425bf3a6971
user_489,e8c9d0a77ba9e3e474b67d9832c24d5b0565ce9ef86c204c742435843897038a
user_490,aa449772d225a668c33d257942bc7d29704a6a83f946b21e38364f0f221e0aa0
user_491,3796ebb47ed5629925d07d082fb7f57d0ea396a95b5c9d59ffff93d6a7b34180
user_492,5c89f068ecde6d85949ab20c165989361693bfbad6a8d3d600c8f3a77697e019
user_493,3d7ddaca551849b84b27808278e6f8c69083954a125a6c8c81fc280c5e13e78a
user_494,e5492853ad8a79fa45ef8a5c8f8098449c232ea5dc4f9cc282c64c82ec2bea99
user_495,fd58a861aa1e5af8a3f0ba9cd5e10790b0865739d8d902e02dff965a42dc6470
user_496,39960bed9bad7b11972c0abaa2bdd1636724279cd0a5a6cf6ddbf48229d725bb
user_497,30bd70b0f51ba3186a0a4951959b388ac9efa8245e642cfe339c68192b7640cc
user_498,e9d475ea17f71930cbcc4fbeb0444904db8e1fe5eb3acd0752ae6d17782c1cb2
user_499,beb0db2880f5ec981d7df1b58bcdda2a8c5f036a640e4296f430cb2d056a192d
